"train_step","score","average_ep","average_step"
"100000","44.44444444444444","0"
"200000","397.14285714285717","0"
"300000","411.53846153846155","0"
